<?xml version="1.0" encoding="utf-8"?>

<!--
@name     OpenCart
@package  Sort By Newest|Additional
@author   Andrii Burkatskyi, ocmod.space@gmail.com
@version  2.0.0
@link     https://www.ocmod.space/sort-by-newest
@link     https://www.opencart.com/index.php?route=marketplace/extension/info&extension_id=33523
@link     https://github.com/ocmod-space/ocmod-sort-by-newest
@licence  https://raw.githubusercontent.com/ocmod-space/ocmod-sort-by-newest/main/LICENSE.txt
-->

<modification>
    <name>/ocmod.space/sort_by_newest/additional</name>
    <code>sort-by-newest--additional</code>
    <version>2.0.0</version>
    <author>Andrii Burkatskyi</author>
    <link>https://www.opencart.com/index.php?route=marketplace/extension&amp;filter_member=ocmod.space</link>

    <file path="catalog/controller/product/category.php" error="log">
        <operation error="log">
            <search><![CDATA['text'  => $this->language->get('text_model_asc'),]]></search>
            <add position="before"><![CDATA[				'text'  => $this->language->get('text_date_added_desc'),
				'value' => 'p.date_added-DESC',
				'href'  => $this->url->link('product/category', 'path=' . $this->request->get['path'] . '&sort=p.date_added&order=DESC' . $url)
			);

			$data['sorts'][] = array(]]></add>
        </operation>
    </file>

    <file path="catalog/controller/product/manufacturer.php" error="log">
        <operation error="log">
            <search><![CDATA['text'  => $this->language->get('text_model_asc'),]]></search>
            <add position="before"><![CDATA[				'text'  => $this->language->get('text_date_added_desc'),
				'value' => 'p.date_added-DESC',
				'href'  => $this->url->link('product/manufacturer/info', 'manufacturer_id=' . $this->request->get['manufacturer_id'] . '&sort=p.date_added&order=DESC' . $url)
			);

			$data['sorts'][] = array(]]></add>
        </operation>
    </file>

    <file path="catalog/controller/product/search.php" error="log">
        <operation error="log">
            <search><![CDATA['text'  => $this->language->get('text_model_asc'),]]></search>
            <add position="before"><![CDATA[				'text'  => $this->language->get('text_date_added_desc'),
				'value' => 'p.date_added-DESC',
				'href'  => $this->url->link('product/search', 'sort=p.date_added&order=DESC' . $url)
			);

			$data['sorts'][] = array(]]></add>
        </operation>
    </file>

    <file path="catalog/controller/product/special.php" error="log">
        <operation error="log">
            <search><![CDATA['text'  => $this->language->get('text_model_asc'),]]></search>
            <add position="before"><![CDATA[			'text'  => $this->language->get('text_date_added_desc'),
			'value' => 'p.date_added-DESC',
			'href'  => $this->url->link('product/special', 'sort=p.date_added&order=DESC' . $url)
		);

		$data['sorts'][] = array(]]></add>
        </operation>
    </file>

    <file path="catalog/language/*/product/{category,manufacturer,search,special}.php" error="log">
        <operation error="log">
            <search><![CDATA[$_['text_model_asc']]]></search>
            <add position="before"><![CDATA[$_['text_date_added_desc'] = 'Newest first';]]></add>
        </operation>
    </file>
</modification>
