<?xml version="1.0" encoding="utf-8"?>

<!--
@name     OpenCart
@package  Sort By Newest|Default
@author   Andrii Burkatskyi, ocmod.space@gmail.com
@version  2.0.0
@link     https://www.ocmod.space/sort-by-newest
@link     https://www.opencart.com/index.php?route=marketplace/extension/info&extension_id=33523
@link     https://github.com/ocmod-space/ocmod-sort-by-newest
@licence  https://raw.githubusercontent.com/ocmod-space/ocmod-sort-by-newest/main/LICENSE.txt
-->

<modification>
    <name>/ocmod.space/sort_by_newest/default</name>
    <code>sort-by-newest--default</code>
    <version>2.0.0</version>
    <author>Andrii Burkatskyi</author>
    <link>https://www.opencart.com/index.php?route=marketplace/extension&amp;filter_member=ocmod.space</link>

    <file path="catalog/controller/product/{category,manufacturer,search,special}.php" error="log">
        <operation error="log">
            <search><![CDATA[$sort = 'p.sort_order';]]></search>
            <add position="replace"><![CDATA[$sort = 'p.date_added';]]></add>
        </operation>

        <operation error="log">
            <search><![CDATA[p.sort_order-ASC]]></search>
            <add position="replace"><![CDATA[p.date_added-DESC]]></add>
        </operation>

        <operation error="log">
            <search><![CDATA[p.sort_order&order=ASC]]></search>
            <add position="replace"><![CDATA[p.date_added&order=DESC]]></add>
        </operation>

        <operation error="log">
            <search><![CDATA[$order = 'ASC';]]></search>
            <add position="replace"><![CDATA[$order = 'DESC';]]></add>
        </operation>
    </file>
</modification>
